#{"t_start": 1752536735.3285367, "env_id": "VizdoomPredictPosition-v0"}
r,l,t--74.03,75,16.960602--74.03,75,20.159858--74.03,75,23.603787-7-74.03,75,26.702101-7-74.03,75,30.488483-7-74.03,75,33.850892-7-74.03,75,37.443608
